lat,lon
-6.000000,0.000000
-5.967131,6.000000
-5.868886,12.000000
-5.706339,18.000000
-5.481273,24.000000
-5.196152,30.000000
-4.854102,36.000000
-4.458869,42.000000
-4.014784,48.000000
-3.526712,54.000000
-3.000000,60.000000
-2.440420,66.000000
-1.854102,72.000000
-1.247470,78.000000
-0.627171,84.000000
-0.000000,90.000000
0.627171,96.000000
1.247470,102.000000
1.854102,108.000000
2.440420,114.000000
3.000000,120.000000
3.526712,126.000000
4.014784,132.000000
4.458869,138.000000
4.854102,144.000000
5.196152,150.000000
5.481273,156.000000
5.706339,162.000000
5.868886,168.000000
5.967131,174.000000
6.000000,180.000000
5.967131,186.000000
5.868886,192.000000
5.706339,198.000000
5.481273,204.000000
5.196152,210.000000
4.854102,216.000000
4.458869,222.000000
4.014784,228.000000
3.526712,234.000000
3.000000,240.000000
2.440420,246.000000
1.854102,252.000000
1.247470,258.000000
0.627171,264.000000
0.000000,270.000000
-0.627171,276.000000
-1.247470,282.000000
-1.854102,288.000000
-2.440420,294.000000
-3.000000,300.000000
-3.526712,306.000000
-4.014784,312.000000
-4.458869,318.000000
-4.854102,324.000000
-5.196152,330.000000
-5.481273,336.000000
-5.706339,342.000000
-5.868886,348.000000
-5.967131,354.000000
-6.000000,360.000000
-5.967131,366.000000
-5.868886,372.000000
-5.706339,378.000000
-5.481273,384.000000
-5.196152,390.000000
-4.854102,396.000000
-4.458869,402.000000
-4.014784,408.000000
-3.526712,414.000000
-3.000000,420.000000
-2.440420,426.000000
-1.854102,432.000000
-1.247470,438.000000
-0.627171,444.000000
-0.000000,450.000000
0.627171,456.000000
1.247470,462.000000
1.854102,468.000000
2.440420,474.000000
3.000000,480.000000
3.526712,486.000000
4.014784,492.000000
4.458869,498.000000
4.854102,504.000000
5.196152,510.000000
5.481273,516.000000
5.706339,522.000000
5.868886,528.000000
5.967131,534.000000
6.000000,540.000000
5.967131,546.000000
5.868886,552.000000
5.706339,558.000000
5.481273,564.000000
5.196152,570.000000
4.854102,576.000000
4.458869,582.000000
4.014784,588.000000
3.526712,594.000000
3.000000,600.000000
2.440420,606.000000
1.854102,612.000000
1.247470,618.000000
0.627171,624.000000
0.000000,630.000000
-0.627171,636.000000
-1.247470,642.000000
-1.854102,648.000000
-2.440420,654.000000
-3.000000,660.000000
-3.526712,666.000000
-4.014784,672.000000
-4.458869,678.000000
-4.854102,684.000000
-5.196152,690.000000
-5.481273,696.000000
-5.706339,702.000000
-5.868886,708.000000
-5.967131,714.000000
-6.000000,720.000000
-5.967131,726.000000
-5.868886,732.000000
-5.706339,738.000000
-5.481273,744.000000
-5.196152,750.000000
-4.854102,756.000000
-4.458869,762.000000
-4.014784,768.000000
-3.526712,774.000000
-3.000000,780.000000
-2.440420,786.000000
-1.854102,792.000000
-1.247470,798.000000
-0.627171,804.000000
-0.000000,810.000000
0.627171,816.000000
1.247470,822.000000
1.854102,828.000000
2.440420,834.000000
3.000000,840.000000
3.526712,846.000000
4.014784,852.000000
4.458869,858.000000
4.854102,864.000000
5.196152,870.000000
5.481273,876.000000
5.706339,882.000000
5.868886,888.000000
5.967131,894.000000
6.000000,900.000000
5.967131,906.000000
5.868886,912.000000
5.706339,918.000000
5.481273,924.000000
5.196152,930.000000
4.854102,936.000000
4.458869,942.000000
4.014784,948.000000
3.526712,954.000000
3.000000,960.000000
2.440420,966.000000
1.854102,972.000000
1.247470,978.000000
0.627171,984.000000
0.000000,990.000000
-0.627171,996.000000
-1.247470,1002.000000
-1.854102,1008.000000
-2.440420,1014.000000
-3.000000,1020.000000
-3.526712,1026.000000
-4.014784,1032.000000
-4.458869,1038.000000
-4.854102,1044.000000
-5.196152,1050.000000
-5.481273,1056.000000
-5.706339,1062.000000
-5.868886,1068.000000
-5.967131,1074.000000
-6.000000,1080.000000
-5.967131,1086.000000
-5.868886,1092.000000
-5.706339,1098.000000
-5.481273,1104.000000
-5.196152,1110.000000
-4.854102,1116.000000
-4.458869,1122.000000
-4.014784,1128.000000
-3.526712,1134.000000
-3.000000,1140.000000
-2.440420,1146.000000
-1.854102,1152.000000
-1.247470,1158.000000
-0.627171,1164.000000
-0.000000,1170.000000
0.627171,1176.000000
1.247470,1182.000000
1.854102,1188.000000
2.440420,1194.000000
3.000000,1200.000000
3.526712,1206.000000
4.014784,1212.000000
4.458869,1218.000000
4.854102,1224.000000
5.196152,1230.000000
5.481273,1236.000000
5.706339,1242.000000
5.868886,1248.000000
5.967131,1254.000000
6.000000,1260.000000
5.967131,1266.000000
5.868886,1272.000000
5.706339,1278.000000
5.481273,1284.000000
5.196152,1290.000000
4.854102,1296.000000
4.458869,1302.000000
4.014784,1308.000000
3.526712,1314.000000
3.000000,1320.000000
2.440420,1326.000000
1.854102,1332.000000
1.247470,1338.000000
0.627171,1344.000000
0.000000,1350.000000
-0.627171,1356.000000
-1.247470,1362.000000
-1.854102,1368.000000
-2.440420,1374.000000
-3.000000,1380.000000
-3.526712,1386.000000
-4.014784,1392.000000
-4.458869,1398.000000
-4.854102,1404.000000
-5.196152,1410.000000
-5.481273,1416.000000
-5.706339,1422.000000
-5.868886,1428.000000
-5.967131,1434.000000
-6.000000,1440.000000
-5.967131,1446.000000
-5.868886,1452.000000
-5.706339,1458.000000
-5.481273,1464.000000
-5.196152,1470.000000
-4.854102,1476.000000
-4.458869,1482.000000
-4.014784,1488.000000
-3.526712,1494.000000
-3.000000,1500.000000
-2.440420,1506.000000
-1.854102,1512.000000
-1.247470,1518.000000
-0.627171,1524.000000
0.000000,1530.000000
0.627171,1536.000000
1.247470,1542.000000
1.854102,1548.000000
2.440420,1554.000000
3.000000,1560.000000
3.526712,1566.000000
4.014784,1572.000000
4.458869,1578.000000
4.854102,1584.000000
5.196152,1590.000000
5.481273,1596.000000
5.706339,1602.000000
5.868886,1608.000000
5.967131,1614.000000
6.000000,1620.000000
5.967131,1626.000000
5.868886,1632.000000
5.706339,1638.000000
5.481273,1644.000000
5.196152,1650.000000
4.854102,1656.000000
4.458869,1662.000000
4.014784,1668.000000
3.526712,1674.000000
3.000000,1680.000000
2.440420,1686.000000
1.854102,1692.000000
1.247470,1698.000000
0.627171,1704.000000
-0.000000,1710.000000
-0.627171,1716.000000
-1.247470,1722.000000
-1.854102,1728.000000
-2.440420,1734.000000
-3.000000,1740.000000
-3.526712,1746.000000
-4.014784,1752.000000
-4.458869,1758.000000
-4.854102,1764.000000
-5.196152,1770.000000
-5.481273,1776.000000
-5.706339,1782.000000
-5.868886,1788.000000
-5.967131,1794.000000
-6.000000,1800.000000
-5.967131,1806.000000
-5.868886,1812.000000
-5.706339,1818.000000
-5.481273,1824.000000
-5.196152,1830.000000
-4.854102,1836.000000
-4.458869,1842.000000
-4.014784,1848.000000
-3.526712,1854.000000
-3.000000,1860.000000
-2.440420,1866.000000
-1.854102,1872.000000
-1.247470,1878.000000
-0.627171,1884.000000
0.000000,1890.000000
0.627171,1896.000000
1.247470,1902.000000
1.854102,1908.000000
2.440420,1914.000000
3.000000,1920.000000
3.526712,1926.000000
4.014784,1932.000000
4.458869,1938.000000
4.854102,1944.000000
5.196152,1950.000000
5.481273,1956.000000
5.706339,1962.000000
5.868886,1968.000000
5.967131,1974.000000
6.000000,1980.000000
5.967131,1986.000000
5.868886,1992.000000
5.706339,1998.000000
5.481273,2004.000000
5.196152,2010.000000
4.854102,2016.000000
4.458869,2022.000000
4.014784,2028.000000
3.526712,2034.000000
3.000000,2040.000000
2.440420,2046.000000
1.854102,2052.000000
1.247470,2058.000000
0.627171,2064.000000
-0.000000,2070.000000
-0.627171,2076.000000
-1.247470,2082.000000
-1.854102,2088.000000
-2.440420,2094.000000
-3.000000,2100.000000
-3.526712,2106.000000
-4.014784,2112.000000
-4.458869,2118.000000
-4.854102,2124.000000
-5.196152,2130.000000
-5.481273,2136.000000
-5.706339,2142.000000
-5.868886,2148.000000
-5.967131,2154.000000
-6.000000,2160.000000
-5.967131,2166.000000
-5.868886,2172.000000
-5.706339,2178.000000
-5.481273,2184.000000
-5.196152,2190.000000
-4.854102,2196.000000
-4.458869,2202.000000
-4.014784,2208.000000
-3.526712,2214.000000
-3.000000,2220.000000
-2.440420,2226.000000
-1.854102,2232.000000
-1.247470,2238.000000
-0.627171,2244.000000
0.000000,2250.000000
0.627171,2256.000000
1.247470,2262.000000
1.854102,2268.000000
2.440420,2274.000000
3.000000,2280.000000
3.526712,2286.000000
4.014784,2292.000000
4.458869,2298.000000
4.854102,2304.000000
5.196152,2310.000000
5.481273,2316.000000
5.706339,2322.000000
5.868886,2328.000000
5.967131,2334.000000
6.000000,2340.000000
5.967131,2346.000000
5.868886,2352.000000
5.706339,2358.000000
5.481273,2364.000000
5.196152,2370.000000
4.854102,2376.000000
4.458869,2382.000000
4.014784,2388.000000
3.526712,2394.000000
3.000000,2400.000000
2.440420,2406.000000
1.854102,2412.000000
1.247470,2418.000000
0.627171,2424.000000
0.000000,2430.000000
-0.627171,2436.000000
-1.247470,2442.000000
-1.854102,2448.000000
-2.440420,2454.000000
-3.000000,2460.000000
-3.526712,2466.000000
-4.014784,2472.000000
-4.458869,2478.000000
-4.854102,2484.000000
-5.196152,2490.000000
-5.481273,2496.000000
-5.706339,2502.000000
-5.868886,2508.000000
-5.967131,2514.000000
-6.000000,2520.000000
-5.967131,2526.000000
-5.868886,2532.000000
-5.706339,2538.000000
-5.481273,2544.000000
-5.196152,2550.000000
-4.854102,2556.000000
-4.458869,2562.000000
-4.014784,2568.000000
-3.526712,2574.000000
-3.000000,2580.000000
-2.440420,2586.000000
-1.854102,2592.000000
-1.247470,2598.000000
-0.627171,2604.000000
0.000000,2610.000000
0.627171,2616.000000
1.247470,2622.000000
1.854102,2628.000000
2.440420,2634.000000
3.000000,2640.000000
3.526712,2646.000000
4.014784,2652.000000
4.458869,2658.000000
4.854102,2664.000000
5.196152,2670.000000
5.481273,2676.000000
5.706339,2682.000000
5.868886,2688.000000
5.967131,2694.000000
6.000000,2700.000000
5.967131,2706.000000
5.868886,2712.000000
5.706339,2718.000000
5.481273,2724.000000
5.196152,2730.000000
4.854102,2736.000000
4.458869,2742.000000
4.014784,2748.000000
3.526712,2754.000000
3.000000,2760.000000
2.440420,2766.000000
1.854102,2772.000000
1.247470,2778.000000
0.627171,2784.000000
0.000000,2790.000000
-0.627171,2796.000000
-1.247470,2802.000000
-1.854102,2808.000000
-2.440420,2814.000000
-3.000000,2820.000000
-3.526712,2826.000000
-4.014784,2832.000000
-4.458869,2838.000000
-4.854102,2844.000000
-5.196152,2850.000000
-5.481273,2856.000000
-5.706339,2862.000000
-5.868886,2868.000000
-5.967131,2874.000000
-6.000000,2880.000000
-5.967131,2886.000000
-5.868886,2892.000000
-5.706339,2898.000000
-5.481273,2904.000000
-5.196152,2910.000000
-4.854102,2916.000000
-4.458869,2922.000000
-4.014784,2928.000000
-3.526712,2934.000000
-3.000000,2940.000000
-2.440420,2946.000000
-1.854102,2952.000000
-1.247470,2958.000000
-0.627171,2964.000000
-0.000000,2970.000000
0.627171,2976.000000
1.247470,2982.000000
1.854102,2988.000000
2.440420,2994.000000
3.000000,3000.000000
3.526712,3006.000000
4.014784,3012.000000
4.458869,3018.000000
4.854102,3024.000000
5.196152,3030.000000
5.481273,3036.000000
5.706339,3042.000000
5.868886,3048.000000
5.967131,3054.000000
6.000000,3060.000000
5.967131,3066.000000
5.868886,3072.000000
5.706339,3078.000000
5.481273,3084.000000
5.196152,3090.000000
4.854102,3096.000000
4.458869,3102.000000
4.014784,3108.000000
3.526712,3114.000000
3.000000,3120.000000
2.440420,3126.000000
1.854102,3132.000000
1.247470,3138.000000
0.627171,3144.000000
0.000000,3150.000000
-0.627171,3156.000000
-1.247470,3162.000000
-1.854102,3168.000000
-2.440420,3174.000000
-3.000000,3180.000000
-3.526712,3186.000000
-4.014784,3192.000000
-4.458869,3198.000000
-4.854102,3204.000000
-5.196152,3210.000000
-5.481273,3216.000000
-5.706339,3222.000000
-5.868886,3228.000000
-5.967131,3234.000000
-6.000000,3240.000000
-5.967131,3246.000000
-5.868886,3252.000000
-5.706339,3258.000000
-5.481273,3264.000000
-5.196152,3270.000000
-4.854102,3276.000000
-4.458869,3282.000000
-4.014784,3288.000000
-3.526712,3294.000000
-3.000000,3300.000000
-2.440420,3306.000000
-1.854102,3312.000000
-1.247470,3318.000000
-0.627171,3324.000000
-0.000000,3330.000000
0.627171,3336.000000
1.247470,3342.000000
1.854102,3348.000000
2.440420,3354.000000
3.000000,3360.000000
3.526712,3366.000000
4.014784,3372.000000
4.458869,3378.000000
4.854102,3384.000000
5.196152,3390.000000
5.481273,3396.000000
5.706339,3402.000000
5.868886,3408.000000
5.967131,3414.000000
6.000000,3420.000000
5.967131,3426.000000
5.868886,3432.000000
5.706339,3438.000000
5.481273,3444.000000
5.196152,3450.000000
4.854102,3456.000000
4.458869,3462.000000
4.014784,3468.000000
3.526712,3474.000000
3.000000,3480.000000
2.440420,3486.000000
1.854102,3492.000000
1.247470,3498.000000
0.627171,3504.000000
0.000000,3510.000000
-0.627171,3516.000000
-1.247470,3522.000000
-1.854102,3528.000000
-2.440420,3534.000000
-3.000000,3540.000000
-3.526712,3546.000000
-4.014784,3552.000000
-4.458869,3558.000000
-4.854102,3564.000000
-5.196152,3570.000000
-5.481273,3576.000000
-5.706339,3582.000000
-5.868886,3588.000000
-5.967131,3594.000000
-6.000000,3600.000000
-5.967131,3606.000000
-5.868886,3612.000000
-5.706339,3618.000000
-5.481273,3624.000000
-5.196152,3630.000000
-4.854102,3636.000000
-4.458869,3642.000000
-4.014784,3648.000000
-3.526712,3654.000000
-3.000000,3660.000000
-2.440420,3666.000000
-1.854102,3672.000000
-1.247470,3678.000000
-0.627171,3684.000000
-0.000000,3690.000000
0.627171,3696.000000
1.247470,3702.000000
1.854102,3708.000000
2.440420,3714.000000
3.000000,3720.000000
3.526712,3726.000000
4.014784,3732.000000
4.458869,3738.000000
4.854102,3744.000000
5.196152,3750.000000
5.481273,3756.000000
5.706339,3762.000000
5.868886,3768.000000
5.967131,3774.000000
6.000000,3780.000000
5.967131,3786.000000
5.868886,3792.000000
5.706339,3798.000000
5.481273,3804.000000
5.196152,3810.000000
4.854102,3816.000000
4.458869,3822.000000
4.014784,3828.000000
3.526712,3834.000000
3.000000,3840.000000
2.440420,3846.000000
1.854102,3852.000000
1.247470,3858.000000
0.627171,3864.000000
0.000000,3870.000000
-0.627171,3876.000000
-1.247470,3882.000000
-1.854102,3888.000000
-2.440420,3894.000000
-3.000000,3900.000000
-3.526712,3906.000000
-4.014784,3912.000000
-4.458869,3918.000000
-4.854102,3924.000000
-5.196152,3930.000000
-5.481273,3936.000000
-5.706339,3942.000000
-5.868886,3948.000000
-5.967131,3954.000000
-6.000000,3960.000000
-5.967131,3966.000000
-5.868886,3972.000000
-5.706339,3978.000000
-5.481273,3984.000000
-5.196152,3990.000000
-4.854102,3996.000000
-4.458869,4002.000000
-4.014784,4008.000000
-3.526712,4014.000000
-3.000000,4020.000000
-2.440420,4026.000000
-1.854102,4032.000000
-1.247470,4038.000000
-0.627171,4044.000000
-0.000000,4050.000000
0.627171,4056.000000
1.247470,4062.000000
1.854102,4068.000000
2.440420,4074.000000
3.000000,4080.000000
3.526712,4086.000000
4.014784,4092.000000
4.458869,4098.000000
4.854102,4104.000000
5.196152,4110.000000
5.481273,4116.000000
5.706339,4122.000000
5.868886,4128.000000
5.967131,4134.000000
6.000000,4140.000000
5.967131,4146.000000
5.868886,4152.000000
5.706339,4158.000000
5.481273,4164.000000
5.196152,4170.000000
4.854102,4176.000000
4.458869,4182.000000
4.014784,4188.000000
3.526712,4194.000000
3.000000,4200.000000
2.440420,4206.000000
1.854102,4212.000000
1.247470,4218.000000
0.627171,4224.000000
-0.000000,4230.000000
-0.627171,4236.000000
-1.247470,4242.000000
-1.854102,4248.000000
-2.440420,4254.000000
-3.000000,4260.000000
-3.526712,4266.000000
-4.014784,4272.000000
-4.458869,4278.000000
-4.854102,4284.000000
-5.196152,4290.000000
-5.481273,4296.000000
-5.706339,4302.000000
-5.868886,4308.000000
-5.967131,4314.000000
-6.000000,4320.000000
-5.967131,4326.000000
-5.868886,4332.000000
-5.706339,4338.000000
-5.481273,4344.000000
-5.196152,4350.000000
-4.854102,4356.000000
-4.458869,4362.000000
-4.014784,4368.000000
-3.526712,4374.000000
-3.000000,4380.000000
-2.440420,4386.000000
-1.854102,4392.000000
-1.247470,4398.000000
-0.627171,4404.000000
-0.000000,4410.000000
0.627171,4416.000000
1.247470,4422.000000
1.854102,4428.000000
2.440420,4434.000000
3.000000,4440.000000
3.526712,4446.000000
4.014784,4452.000000
4.458869,4458.000000
4.854102,4464.000000
5.196152,4470.000000
5.481273,4476.000000
5.706339,4482.000000
5.868886,4488.000000
5.967131,4494.000000
6.000000,4500.000000
5.967131,4506.000000
5.868886,4512.000000
5.706339,4518.000000
5.481273,4524.000000
5.196152,4530.000000
4.854102,4536.000000
4.458869,4542.000000
4.014784,4548.000000
3.526712,4554.000000
3.000000,4560.000000
2.440420,4566.000000
1.854102,4572.000000
1.247470,4578.000000
0.627171,4584.000000
0.000000,4590.000000
-0.627171,4596.000000
-1.247470,4602.000000
-1.854102,4608.000000
-2.440420,4614.000000
-3.000000,4620.000000
-3.526712,4626.000000
-4.014784,4632.000000
-4.458869,4638.000000
-4.854102,4644.000000
-5.196152,4650.000000
-5.481273,4656.000000
-5.706339,4662.000000
-5.868886,4668.000000
-5.967131,4674.000000
-6.000000,4680.000000
-5.967131,4686.000000
-5.868886,4692.000000
-5.706339,4698.000000
-5.481273,4704.000000
-5.196152,4710.000000
-4.854102,4716.000000
-4.458869,4722.000000
-4.014784,4728.000000
-3.526712,4734.000000
-3.000000,4740.000000
-2.440420,4746.000000
-1.854102,4752.000000
-1.247470,4758.000000
-0.627171,4764.000000
-0.000000,4770.000000
0.627171,4776.000000
1.247470,4782.000000
1.854102,4788.000000
2.440420,4794.000000
3.000000,4800.000000
3.526712,4806.000000
4.014784,4812.000000
4.458869,4818.000000
4.854102,4824.000000
5.196152,4830.000000
5.481273,4836.000000
5.706339,4842.000000
5.868886,4848.000000
5.967131,4854.000000
6.000000,4860.000000
5.967131,4866.000000
5.868886,4872.000000
5.706339,4878.000000
5.481273,4884.000000
5.196152,4890.000000
4.854102,4896.000000
4.458869,4902.000000
4.014784,4908.000000
3.526712,4914.000000
3.000000,4920.000000
2.440420,4926.000000
1.854102,4932.000000
1.247470,4938.000000
0.627171,4944.000000
-0.000000,4950.000000
-0.627171,4956.000000
-1.247470,4962.000000
-1.854102,4968.000000
-2.440420,4974.000000
-3.000000,4980.000000
-3.526712,4986.000000
-4.014784,4992.000000
-4.458869,4998.000000
-4.854102,5004.000000
-5.196152,5010.000000
-5.481273,5016.000000
-5.706339,5022.000000
-5.868886,5028.000000
-5.967131,5034.000000
-6.000000,5040.000000
-5.967131,5046.000000
-5.868886,5052.000000
-5.706339,5058.000000
-5.481273,5064.000000
-5.196152,5070.000000
-4.854102,5076.000000
-4.458869,5082.000000
-4.014784,5088.000000
-3.526712,5094.000000
-3.000000,5100.000000
-2.440420,5106.000000
-1.854102,5112.000000
-1.247470,5118.000000
-0.627171,5124.000000
0.000000,5130.000000
0.627171,5136.000000
1.247470,5142.000000
1.854102,5148.000000
2.440420,5154.000000
3.000000,5160.000000
3.526712,5166.000000
4.014784,5172.000000
4.458869,5178.000000
4.854102,5184.000000
5.196152,5190.000000
5.481273,5196.000000
5.706339,5202.000000
5.868886,5208.000000
5.967131,5214.000000
6.000000,5220.000000
5.967131,5226.000000
5.868886,5232.000000
5.706339,5238.000000
5.481273,5244.000000
5.196152,5250.000000
4.854102,5256.000000
4.458869,5262.000000
4.014784,5268.000000
3.526712,5274.000000
3.000000,5280.000000
2.440420,5286.000000
1.854102,5292.000000
1.247470,5298.000000
0.627171,5304.000000
0.000000,5310.000000
-0.627171,5316.000000
-1.247470,5322.000000
-1.854102,5328.000000
-2.440420,5334.000000
-3.000000,5340.000000
-3.526712,5346.000000
-4.014784,5352.000000
-4.458869,5358.000000
-4.854102,5364.000000
-5.196152,5370.000000
-5.481273,5376.000000
-5.706339,5382.000000
-5.868886,5388.000000
-5.967131,5394.000000
-6.000000,5400.000000
-5.967131,5406.000000
-5.868886,5412.000000
-5.706339,5418.000000
-5.481273,5424.000000
-5.196152,5430.000000
-4.854102,5436.000000
-4.458869,5442.000000
-4.014784,5448.000000
-3.526712,5454.000000
-3.000000,5460.000000
-2.440420,5466.000000
-1.854102,5472.000000
-1.247470,5478.000000
-0.627171,5484.000000
-0.000000,5490.000000
0.627171,5496.000000
1.247470,5502.000000
1.854102,5508.000000
2.440420,5514.000000
3.000000,5520.000000
3.526712,5526.000000
4.014784,5532.000000
4.458869,5538.000000
4.854102,5544.000000
5.196152,5550.000000
5.481273,5556.000000
5.706339,5562.000000
5.868886,5568.000000
5.967131,5574.000000
6.000000,5580.000000
5.967131,5586.000000
5.868886,5592.000000
5.706339,5598.000000
5.481273,5604.000000
5.196152,5610.000000
4.854102,5616.000000
4.458869,5622.000000
4.014784,5628.000000
3.526712,5634.000000
3.000000,5640.000000
2.440420,5646.000000
1.854102,5652.000000
1.247470,5658.000000
0.627171,5664.000000
0.000000,5670.000000
-0.627171,5676.000000
-1.247470,5682.000000
-1.854102,5688.000000
-2.440420,5694.000000
-3.000000,5700.000000
-3.526712,5706.000000
-4.014784,5712.000000
-4.458869,5718.000000
-4.854102,5724.000000
-5.196152,5730.000000
-5.481273,5736.000000
-5.706339,5742.000000
-5.868886,5748.000000
-5.967131,5754.000000
-6.000000,5760.000000
-5.967131,5766.000000
-5.868886,5772.000000
-5.706339,5778.000000
-5.481273,5784.000000
-5.196152,5790.000000
-4.854102,5796.000000
-4.458869,5802.000000
-4.014784,5808.000000
-3.526712,5814.000000
-3.000000,5820.000000
-2.440420,5826.000000
-1.854102,5832.000000
-1.247470,5838.000000
-0.627171,5844.000000
0.000000,5850.000000
0.627171,5856.000000
1.247470,5862.000000
1.854102,5868.000000
2.440420,5874.000000
3.000000,5880.000000
3.526712,5886.000000
4.014784,5892.000000
4.458869,5898.000000
4.854102,5904.000000
5.196152,5910.000000
5.481273,5916.000000
5.706339,5922.000000
5.868886,5928.000000
5.967131,5934.000000
6.000000,5940.000000
5.967131,5946.000000
5.868886,5952.000000
5.706339,5958.000000
5.481273,5964.000000
5.196152,5970.000000
4.854102,5976.000000
4.458869,5982.000000
4.014784,5988.000000
3.526712,5994.000000
3.000000,6000.000000
2.440420,6006.000000
1.854102,6012.000000
1.247470,6018.000000
0.627171,6024.000000
0.000000,6030.000000
-0.627171,6036.000000
-1.247470,6042.000000
-1.854102,6048.000000
-2.440420,6054.000000
-3.000000,6060.000000
-3.526712,6066.000000
-4.014784,6072.000000
-4.458869,6078.000000
-4.854102,6084.000000
-5.196152,6090.000000
-5.481273,6096.000000
-5.706339,6102.000000
-5.868886,6108.000000
-5.967131,6114.000000
-6.000000,6120.000000
-5.967131,6126.000000
-5.868886,6132.000000
-5.706339,6138.000000
-5.481273,6144.000000
-5.196152,6150.000000
-4.854102,6156.000000
-4.458869,6162.000000
-4.014784,6168.000000
-3.526712,6174.000000
-3.000000,6180.000000
-2.440420,6186.000000
-1.854102,6192.000000
-1.247470,6198.000000
-0.627171,6204.000000
-0.000000,6210.000000
0.627171,6216.000000
1.247470,6222.000000
1.854102,6228.000000
2.440420,6234.000000
3.000000,6240.000000
3.526712,6246.000000
4.014784,6252.000000
4.458869,6258.000000
4.854102,6264.000000
5.196152,6270.000000
5.481273,6276.000000
5.706339,6282.000000
5.868886,6288.000000
5.967131,6294.000000
6.000000,6300.000000
5.967131,6306.000000
5.868886,6312.000000
5.706339,6318.000000
5.481273,6324.000000
5.196152,6330.000000
4.854102,6336.000000
4.458869,6342.000000
4.014784,6348.000000
3.526712,6354.000000
3.000000,6360.000000
2.440420,6366.000000
1.854102,6372.000000
1.247470,6378.000000
0.627171,6384.000000
0.000000,6390.000000
-0.627171,6396.000000
-1.247470,6402.000000
-1.854102,6408.000000
-2.440420,6414.000000
-3.000000,6420.000000
-3.526712,6426.000000
-4.014784,6432.000000
-4.458869,6438.000000
-4.854102,6444.000000
-5.196152,6450.000000
-5.481273,6456.000000
-5.706339,6462.000000
-5.868886,6468.000000
-5.967131,6474.000000
-6.000000,6480.000000
-5.967131,6486.000000
-5.868886,6492.000000
-5.706339,6498.000000
-5.481273,6504.000000
-5.196152,6510.000000
-4.854102,6516.000000
-4.458869,6522.000000
-4.014784,6528.000000
-3.526712,6534.000000
-3.000000,6540.000000
-2.440420,6546.000000
-1.854102,6552.000000
-1.247470,6558.000000
-0.627171,6564.000000
-0.000000,6570.000000
0.627171,6576.000000
1.247470,6582.000000
1.854102,6588.000000
2.440420,6594.000000
3.000000,6600.000000
3.526712,6606.000000
4.014784,6612.000000
4.458869,6618.000000
4.854102,6624.000000
5.196152,6630.000000
5.481273,6636.000000
5.706339,6642.000000
5.868886,6648.000000
5.967131,6654.000000
6.000000,6660.000000
5.967131,6666.000000
5.868886,6672.000000
5.706339,6678.000000
5.481273,6684.000000
5.196152,6690.000000
4.854102,6696.000000
4.458869,6702.000000
4.014784,6708.000000
3.526712,6714.000000
3.000000,6720.000000
2.440420,6726.000000
1.854102,6732.000000
1.247470,6738.000000
0.627171,6744.000000
-0.000000,6750.000000
-0.627171,6756.000000
-1.247470,6762.000000
-1.854102,6768.000000
-2.440420,6774.000000
-3.000000,6780.000000
-3.526712,6786.000000
-4.014784,6792.000000
-4.458869,6798.000000
-4.854102,6804.000000
-5.196152,6810.000000
-5.481273,6816.000000
-5.706339,6822.000000
-5.868886,6828.000000
-5.967131,6834.000000
-6.000000,6840.000000
-5.967131,6846.000000
-5.868886,6852.000000
-5.706339,6858.000000
-5.481273,6864.000000
-5.196152,6870.000000
-4.854102,6876.000000
-4.458869,6882.000000
-4.014784,6888.000000
-3.526712,6894.000000
-3.000000,6900.000000
-2.440420,6906.000000
-1.854102,6912.000000
-1.247470,6918.000000
-0.627171,6924.000000
-0.000000,6930.000000
0.627171,6936.000000
1.247470,6942.000000
1.854102,6948.000000
2.440420,6954.000000
3.000000,6960.000000
3.526712,6966.000000
4.014784,6972.000000
4.458869,6978.000000
4.854102,6984.000000
5.196152,6990.000000
5.481273,6996.000000
5.706339,7002.000000
5.868886,7008.000000
5.967131,7014.000000
6.000000,7020.000000
5.967131,7026.000000
5.868886,7032.000000
5.706339,7038.000000
5.481273,7044.000000
5.196152,7050.000000
4.854102,7056.000000
4.458869,7062.000000
4.014784,7068.000000
3.526712,7074.000000
3.000000,7080.000000
2.440420,7086.000000
1.854102,7092.000000
1.247470,7098.000000
0.627171,7104.000000
-0.000000,7110.000000
-0.627171,7116.000000
-1.247470,7122.000000
-1.854102,7128.000000
-2.440420,7134.000000
-3.000000,7140.000000
-3.526712,7146.000000
-4.014784,7152.000000
-4.458869,7158.000000
-4.854102,7164.000000
-5.196152,7170.000000
-5.481273,7176.000000
-5.706339,7182.000000
-5.868886,7188.000000
-5.967131,7194.000000
-6.000000,7200.000000
-5.967131,7206.000000
-5.868886,7212.000000
-5.706339,7218.000000
-5.481273,7224.000000
-5.196152,7230.000000
-4.854102,7236.000000
-4.458869,7242.000000
-4.014784,7248.000000
-3.526712,7254.000000
-3.000000,7260.000000
-2.440420,7266.000000
-1.854102,7272.000000
-1.247470,7278.000000
-0.627171,7284.000000
-0.000000,7290.000000
0.627171,7296.000000
1.247470,7302.000000
1.854102,7308.000000
2.440420,7314.000000
3.000000,7320.000000
3.526712,7326.000000
4.014784,7332.000000
4.458869,7338.000000
4.854102,7344.000000
5.196152,7350.000000
5.481273,7356.000000
5.706339,7362.000000
5.868886,7368.000000
5.967131,7374.000000
6.000000,7380.000000
5.967131,7386.000000
5.868886,7392.000000
5.706339,7398.000000
5.481273,7404.000000
5.196152,7410.000000
4.854102,7416.000000
4.458869,7422.000000
4.014784,7428.000000
3.526712,7434.000000
3.000000,7440.000000
2.440420,7446.000000
1.854102,7452.000000
1.247470,7458.000000
0.627171,7464.000000
0.000000,7470.000000
-0.627171,7476.000000
-1.247470,7482.000000
-1.854102,7488.000000
-2.440420,7494.000000
-3.000000,7500.000000
-3.526712,7506.000000
-4.014784,7512.000000
-4.458869,7518.000000
-4.854102,7524.000000
-5.196152,7530.000000
-5.481273,7536.000000
-5.706339,7542.000000
-5.868886,7548.000000
-5.967131,7554.000000
-6.000000,7560.000000
-5.967131,7566.000000
-5.868886,7572.000000
-5.706339,7578.000000
-5.481273,7584.000000
-5.196152,7590.000000
-4.854102,7596.000000
-4.458869,7602.000000
-4.014784,7608.000000
-3.526712,7614.000000
-3.000000,7620.000000
-2.440420,7626.000000
-1.854102,7632.000000
-1.247470,7638.000000
-0.627171,7644.000000
-0.000000,7650.000000
0.627171,7656.000000
1.247470,7662.000000
1.854102,7668.000000
2.440420,7674.000000
3.000000,7680.000000
3.526712,7686.000000
4.014784,7692.000000
4.458869,7698.000000
4.854102,7704.000000
5.196152,7710.000000
5.481273,7716.000000
5.706339,7722.000000
5.868886,7728.000000
5.967131,7734.000000
6.000000,7740.000000
5.967131,7746.000000
5.868886,7752.000000
5.706339,7758.000000
5.481273,7764.000000
5.196152,7770.000000
4.854102,7776.000000
4.458869,7782.000000
4.014784,7788.000000
3.526712,7794.000000
3.000000,7800.000000
2.440420,7806.000000
1.854102,7812.000000
1.247470,7818.000000
0.627171,7824.000000
0.000000,7830.000000
-0.627171,7836.000000
-1.247470,7842.000000
-1.854102,7848.000000
-2.440420,7854.000000
-3.000000,7860.000000
-3.526712,7866.000000
-4.014784,7872.000000
-4.458869,7878.000000
-4.854102,7884.000000
-5.196152,7890.000000
-5.481273,7896.000000
-5.706339,7902.000000
-5.868886,7908.000000
-5.967131,7914.000000
-6.000000,7920.000000
-5.967131,7926.000000
-5.868886,7932.000000
-5.706339,7938.000000
-5.481273,7944.000000
-5.196152,7950.000000
-4.854102,7956.000000
-4.458869,7962.000000
-4.014784,7968.000000
-3.526712,7974.000000
-3.000000,7980.000000
-2.440420,7986.000000
-1.854102,7992.000000
-1.247470,7998.000000
-0.627171,8004.000000
0.000000,8010.000000
0.627171,8016.000000
1.247470,8022.000000
1.854102,8028.000000
2.440420,8034.000000
3.000000,8040.000000
3.526712,8046.000000
4.014784,8052.000000
4.458869,8058.000000
4.854102,8064.000000
5.196152,8070.000000
5.481273,8076.000000
5.706339,8082.000000
5.868886,8088.000000
5.967131,8094.000000
6.000000,8100.000000
5.967131,8106.000000
5.868886,8112.000000
5.706339,8118.000000
5.481273,8124.000000
5.196152,8130.000000
4.854102,8136.000000
4.458869,8142.000000
4.014784,8148.000000
3.526712,8154.000000
3.000000,8160.000000
2.440420,8166.000000
1.854102,8172.000000
1.247470,8178.000000
0.627171,8184.000000
0.000000,8190.000000
-0.627171,8196.000000
-1.247470,8202.000000
-1.854102,8208.000000
-2.440420,8214.000000
-3.000000,8220.000000
-3.526712,8226.000000
-4.014784,8232.000000
-4.458869,8238.000000
-4.854102,8244.000000
-5.196152,8250.000000
-5.481273,8256.000000
-5.706339,8262.000000
-5.868886,8268.000000
-5.967131,8274.000000
-6.000000,8280.000000
-5.967131,8286.000000
-5.868886,8292.000000
-5.706339,8298.000000
-5.481273,8304.000000
-5.196152,8310.000000
-4.854102,8316.000000
-4.458869,8322.000000
-4.014784,8328.000000
-3.526712,8334.000000
-3.000000,8340.000000
-2.440420,8346.000000
-1.854102,8352.000000
-1.247470,8358.000000
-0.627171,8364.000000
-0.000000,8370.000000
0.627171,8376.000000
1.247470,8382.000000
1.854102,8388.000000
2.440420,8394.000000
3.000000,8400.000000
3.526712,8406.000000
4.014784,8412.000000
4.458869,8418.000000
4.854102,8424.000000
5.196152,8430.000000
5.481273,8436.000000
5.706339,8442.000000
5.868886,8448.000000
5.967131,8454.000000
6.000000,8460.000000
5.967131,8466.000000
5.868886,8472.000000
5.706339,8478.000000
5.481273,8484.000000
5.196152,8490.000000
4.854102,8496.000000
4.458869,8502.000000
4.014784,8508.000000
3.526712,8514.000000
3.000000,8520.000000
2.440420,8526.000000
1.854102,8532.000000
1.247470,8538.000000
0.627171,8544.000000
0.000000,8550.000000
-0.627171,8556.000000
-1.247470,8562.000000
-1.854102,8568.000000
-2.440420,8574.000000
-3.000000,8580.000000
-3.526712,8586.000000
-4.014784,8592.000000
-4.458869,8598.000000
-4.854102,8604.000000
-5.196152,8610.000000
-5.481273,8616.000000
-5.706339,8622.000000
-5.868886,8628.000000
-5.967131,8634.000000
-6.000000,8640.000000
-5.967131,8646.000000
-5.868886,8652.000000
-5.706339,8658.000000
-5.481273,8664.000000
-5.196152,8670.000000
-4.854102,8676.000000
-4.458869,8682.000000
-4.014784,8688.000000
-3.526712,8694.000000
-3.000000,8700.000000
-2.440420,8706.000000
-1.854102,8712.000000
-1.247470,8718.000000
-0.627171,8724.000000
-0.000000,8730.000000
0.627171,8736.000000
1.247470,8742.000000
1.854102,8748.000000
2.440420,8754.000000
3.000000,8760.000000
3.526712,8766.000000
4.014784,8772.000000
4.458869,8778.000000
4.854102,8784.000000
5.196152,8790.000000
5.481273,8796.000000
5.706339,8802.000000
5.868886,8808.000000
5.967131,8814.000000
6.000000,8820.000000
5.967131,8826.000000
5.868886,8832.000000
5.706339,8838.000000
5.481273,8844.000000
5.196152,8850.000000
4.854102,8856.000000
4.458869,8862.000000
4.014784,8868.000000
3.526712,8874.000000
3.000000,8880.000000
2.440420,8886.000000
1.854102,8892.000000
1.247470,8898.000000
0.627171,8904.000000
-0.000000,8910.000000
-0.627171,8916.000000
-1.247470,8922.000000
-1.854102,8928.000000
-2.440420,8934.000000
-3.000000,8940.000000
-3.526712,8946.000000
-4.014784,8952.000000
-4.458869,8958.000000
-4.854102,8964.000000
-5.196152,8970.000000
-5.481273,8976.000000
-5.706339,8982.000000
-5.868886,8988.000000
-5.967131,8994.000000
-6.000000,9000.000000
-5.967131,9006.000000
-5.868886,9012.000000
-5.706339,9018.000000
-5.481273,9024.000000
-5.196152,9030.000000
-4.854102,9036.000000
-4.458869,9042.000000
-4.014784,9048.000000
-3.526712,9054.000000
-3.000000,9060.000000
-2.440420,9066.000000
-1.854102,9072.000000
-1.247470,9078.000000
-0.627171,9084.000000
-0.000000,9090.000000
0.627171,9096.000000
1.247470,9102.000000
1.854102,9108.000000
2.440420,9114.000000
3.000000,9120.000000
3.526712,9126.000000
4.014784,9132.000000
4.458869,9138.000000
4.854102,9144.000000
5.196152,9150.000000
5.481273,9156.000000
5.706339,9162.000000
5.868886,9168.000000
5.967131,9174.000000
6.000000,9180.000000
5.967131,9186.000000
5.868886,9192.000000
5.706339,9198.000000
5.481273,9204.000000
5.196152,9210.000000
4.854102,9216.000000
4.458869,9222.000000
4.014784,9228.000000
3.526712,9234.000000
3.000000,9240.000000
2.440420,9246.000000
1.854102,9252.000000
1.247470,9258.000000
0.627171,9264.000000
-0.000000,9270.000000
-0.627171,9276.000000
-1.247470,9282.000000
-1.854102,9288.000000
-2.440420,9294.000000
-3.000000,9300.000000
-3.526712,9306.000000
-4.014784,9312.000000
-4.458869,9318.000000
-4.854102,9324.000000
-5.196152,9330.000000
-5.481273,9336.000000
-5.706339,9342.000000
-5.868886,9348.000000
-5.967131,9354.000000
-6.000000,9360.000000
-5.967131,9366.000000
-5.868886,9372.000000
-5.706339,9378.000000
-5.481273,9384.000000
-5.196152,9390.000000
-4.854102,9396.000000
-4.458869,9402.000000
-4.014784,9408.000000
-3.526712,9414.000000
-3.000000,9420.000000
-2.440420,9426.000000
-1.854102,9432.000000
-1.247470,9438.000000
-0.627171,9444.000000
0.000000,9450.000000
0.627171,9456.000000
1.247470,9462.000000
1.854102,9468.000000
2.440420,9474.000000
3.000000,9480.000000
3.526712,9486.000000
4.014784,9492.000000
4.458869,9498.000000
4.854102,9504.000000
5.196152,9510.000000
5.481273,9516.000000
5.706339,9522.000000
5.868886,9528.000000
5.967131,9534.000000
6.000000,9540.000000
5.967131,9546.000000
5.868886,9552.000000
5.706339,9558.000000
5.481273,9564.000000
5.196152,9570.000000
4.854102,9576.000000
4.458869,9582.000000
4.014784,9588.000000
3.526712,9594.000000
3.000000,9600.000000
2.440420,9606.000000
1.854102,9612.000000
1.247470,9618.000000
0.627171,9624.000000
0.000000,9630.000000
-0.627171,9636.000000
-1.247470,9642.000000
-1.854102,9648.000000
-2.440420,9654.000000
-3.000000,9660.000000
-3.526712,9666.000000
-4.014784,9672.000000
-4.458869,9678.000000
-4.854102,9684.000000
-5.196152,9690.000000
-5.481273,9696.000000
-5.706339,9702.000000
-5.868886,9708.000000
-5.967131,9714.000000
-6.000000,9720.000000
-5.967131,9726.000000
-5.868886,9732.000000
-5.706339,9738.000000
-5.481273,9744.000000
-5.196152,9750.000000
-4.854102,9756.000000
-4.458869,9762.000000
-4.014784,9768.000000
-3.526712,9774.000000
-3.000000,9780.000000
-2.440420,9786.000000
-1.854102,9792.000000
-1.247470,9798.000000
-0.627171,9804.000000
-0.000000,9810.000000
0.627171,9816.000000
1.247470,9822.000000
1.854102,9828.000000
2.440420,9834.000000
3.000000,9840.000000
3.526712,9846.000000
4.014784,9852.000000
4.458869,9858.000000
4.854102,9864.000000
5.196152,9870.000000
5.481273,9876.000000
5.706339,9882.000000
5.868886,9888.000000
5.967131,9894.000000
6.000000,9900.000000
5.967131,9906.000000
5.868886,9912.000000
5.706339,9918.000000
5.481273,9924.000000
5.196152,9930.000000
4.854102,9936.000000
4.458869,9942.000000
4.014784,9948.000000
3.526712,9954.000000
3.000000,9960.000000
2.440420,9966.000000
1.854102,9972.000000
1.247470,9978.000000
0.627171,9984.000000
0.000000,9990.000000
-0.627171,9996.000000
-1.247470,10002.000000
-1.854102,10008.000000
-2.440420,10014.000000
-3.000000,10020.000000
-3.526712,10026.000000
-4.014784,10032.000000
-4.458869,10038.000000
-4.854102,10044.000000
-5.196152,10050.000000
-5.481273,10056.000000
-5.706339,10062.000000
-5.868886,10068.000000
-5.967131,10074.000000
-6.000000,10080.000000
-5.967131,10086.000000
-5.868886,10092.000000
-5.706339,10098.000000
-5.481273,10104.000000
-5.196152,10110.000000
-4.854102,10116.000000
-4.458869,10122.000000
-4.014784,10128.000000
-3.526712,10134.000000
-3.000000,10140.000000
-2.440420,10146.000000
-1.854102,10152.000000
-1.247470,10158.000000
-0.627171,10164.000000
-0.000000,10170.000000
0.627171,10176.000000
1.247470,10182.000000
1.854102,10188.000000
2.440420,10194.000000
3.000000,10200.000000
3.526712,10206.000000
4.014784,10212.000000
4.458869,10218.000000
4.854102,10224.000000
5.196152,10230.000000
5.481273,10236.000000
5.706339,10242.000000
5.868886,10248.000000
5.967131,10254.000000
6.000000,10260.000000
5.967131,10266.000000
5.868886,10272.000000
5.706339,10278.000000
5.481273,10284.000000
5.196152,10290.000000
4.854102,10296.000000
4.458869,10302.000000
4.014784,10308.000000
3.526712,10314.000000
3.000000,10320.000000
2.440420,10326.000000
1.854102,10332.000000
1.247470,10338.000000
0.627171,10344.000000
0.000000,10350.000000
-0.627171,10356.000000
-1.247470,10362.000000
-1.854102,10368.000000
-2.440420,10374.000000
-3.000000,10380.000000
-3.526712,10386.000000
-4.014784,10392.000000
-4.458869,10398.000000
-4.854102,10404.000000
-5.196152,10410.000000
-5.481273,10416.000000
-5.706339,10422.000000
-5.868886,10428.000000
-5.967131,10434.000000
-6.000000,10440.000000
-5.967131,10446.000000
-5.868886,10452.000000
-5.706339,10458.000000
-5.481273,10464.000000
-5.196152,10470.000000
-4.854102,10476.000000
-4.458869,10482.000000
-4.014784,10488.000000
-3.526712,10494.000000
-3.000000,10500.000000
-2.440420,10506.000000
-1.854102,10512.000000
-1.247470,10518.000000
-0.627171,10524.000000
-0.000000,10530.000000
0.627171,10536.000000
1.247470,10542.000000
1.854102,10548.000000
2.440420,10554.000000
3.000000,10560.000000
3.526712,10566.000000
4.014784,10572.000000
4.458869,10578.000000
4.854102,10584.000000
5.196152,10590.000000
5.481273,10596.000000
5.706339,10602.000000
5.868886,10608.000000
5.967131,10614.000000
6.000000,10620.000000
5.967131,10626.000000
5.868886,10632.000000
5.706339,10638.000000
5.481273,10644.000000
5.196152,10650.000000
4.854102,10656.000000
4.458869,10662.000000
4.014784,10668.000000
3.526712,10674.000000
3.000000,10680.000000
2.440420,10686.000000
1.854102,10692.000000
1.247470,10698.000000
0.627171,10704.000000
-0.000000,10710.000000
-0.627171,10716.000000
-1.247470,10722.000000
-1.854102,10728.000000
-2.440420,10734.000000
-3.000000,10740.000000
-3.526712,10746.000000
-4.014784,10752.000000
-4.458869,10758.000000
-4.854102,10764.000000
-5.196152,10770.000000
-5.481273,10776.000000
-5.706339,10782.000000
-5.868886,10788.000000
-5.967131,10794.000000
-6.000000,10800.000000
-5.967131,10806.000000
-5.868886,10812.000000
-5.706339,10818.000000
-5.481273,10824.000000
-5.196152,10830.000000
-4.854102,10836.000000
-4.458869,10842.000000
-4.014784,10848.000000
-3.526712,10854.000000
-3.000000,10860.000000
-2.440420,10866.000000
-1.854102,10872.000000
-1.247470,10878.000000
-0.627171,10884.000000
0.000000,10890.000000
0.627171,10896.000000
1.247470,10902.000000
1.854102,10908.000000
2.440420,10914.000000
3.000000,10920.000000
3.526712,10926.000000
4.014784,10932.000000
4.458869,10938.000000
4.854102,10944.000000
5.196152,10950.000000
5.481273,10956.000000
5.706339,10962.000000
5.868886,10968.000000
5.967131,10974.000000
6.000000,10980.000000
5.967131,10986.000000
5.868886,10992.000000
5.706339,10998.000000
5.481273,11004.000000
5.196152,11010.000000
4.854102,11016.000000
4.458869,11022.000000
4.014784,11028.000000
3.526712,11034.000000
3.000000,11040.000000
2.440420,11046.000000
1.854102,11052.000000
1.247470,11058.000000
0.627171,11064.000000
0.000000,11070.000000
-0.627171,11076.000000
-1.247470,11082.000000
-1.854102,11088.000000
-2.440420,11094.000000
-3.000000,11100.000000
-3.526712,11106.000000
-4.014784,11112.000000
-4.458869,11118.000000
-4.854102,11124.000000
-5.196152,11130.000000
-5.481273,11136.000000
-5.706339,11142.000000
-5.868886,11148.000000
-5.967131,11154.000000
-6.000000,11160.000000
-5.967131,11166.000000
-5.868886,11172.000000
-5.706339,11178.000000
-5.481273,11184.000000
-5.196152,11190.000000
-4.854102,11196.000000
-4.458869,11202.000000
-4.014784,11208.000000
-3.526712,11214.000000
-3.000000,11220.000000
-2.440420,11226.000000
-1.854102,11232.000000
-1.247470,11238.000000
-0.627171,11244.000000
0.000000,11250.000000
0.627171,11256.000000
1.247470,11262.000000
1.854102,11268.000000
2.440420,11274.000000
3.000000,11280.000000
3.526712,11286.000000
4.014784,11292.000000
4.458869,11298.000000
4.854102,11304.000000
5.196152,11310.000000
5.481273,11316.000000
5.706339,11322.000000
5.868886,11328.000000
5.967131,11334.000000
6.000000,11340.000000
5.967131,11346.000000
5.868886,11352.000000
5.706339,11358.000000
5.481273,11364.000000
5.196152,11370.000000
4.854102,11376.000000
4.458869,11382.000000
4.014784,11388.000000
3.526712,11394.000000
3.000000,11400.000000
2.440420,11406.000000
1.854102,11412.000000
1.247470,11418.000000
0.627171,11424.000000
0.000000,11430.000000
-0.627171,11436.000000
-1.247470,11442.000000
-1.854102,11448.000000
-2.440420,11454.000000
-3.000000,11460.000000
-3.526712,11466.000000
-4.014784,11472.000000
-4.458869,11478.000000
-4.854102,11484.000000
-5.196152,11490.000000
-5.481273,11496.000000
-5.706339,11502.000000
-5.868886,11508.000000
-5.967131,11514.000000
-6.000000,11520.000000
-5.967131,11526.000000
-5.868886,11532.000000
-5.706339,11538.000000
-5.481273,11544.000000
-5.196152,11550.000000
-4.854102,11556.000000
-4.458869,11562.000000
-4.014784,11568.000000
-3.526712,11574.000000
-3.000000,11580.000000
-2.440420,11586.000000
-1.854102,11592.000000
-1.247470,11598.000000
-0.627171,11604.000000
-0.000000,11610.000000
0.627171,11616.000000
1.247470,11622.000000
1.854102,11628.000000
2.440420,11634.000000
3.000000,11640.000000
3.526712,11646.000000
4.014784,11652.000000
4.458869,11658.000000
4.854102,11664.000000
5.196152,11670.000000
5.481273,11676.000000
5.706339,11682.000000
5.868886,11688.000000
5.967131,11694.000000
6.000000,11700.000000
5.967131,11706.000000
5.868886,11712.000000
5.706339,11718.000000
5.481273,11724.000000
5.196152,11730.000000
4.854102,11736.000000
4.458869,11742.000000
4.014784,11748.000000
3.526712,11754.000000
3.000000,11760.000000
2.440420,11766.000000
1.854102,11772.000000
1.247470,11778.000000
0.627171,11784.000000
0.000000,11790.000000
-0.627171,11796.000000
-1.247470,11802.000000
-1.854102,11808.000000
-2.440420,11814.000000
-3.000000,11820.000000
-3.526712,11826.000000
-4.014784,11832.000000
-4.458869,11838.000000
-4.854102,11844.000000
-5.196152,11850.000000
-5.481273,11856.000000
-5.706339,11862.000000
-5.868886,11868.000000
-5.967131,11874.000000
-6.000000,11880.000000
-5.967131,11886.000000
-5.868886,11892.000000
-5.706339,11898.000000
-5.481273,11904.000000
-5.196152,11910.000000
-4.854102,11916.000000
-4.458869,11922.000000
-4.014784,11928.000000
-3.526712,11934.000000
-3.000000,11940.000000
-2.440420,11946.000000
-1.854102,11952.000000
-1.247470,11958.000000
-0.627171,11964.000000
-0.000000,11970.000000
0.627171,11976.000000
1.247470,11982.000000
1.854102,11988.000000
2.440420,11994.000000
3.000000,12000.000000
3.526712,12006.000000
4.014784,12012.000000
4.458869,12018.000000
4.854102,12024.000000
5.196152,12030.000000
5.481273,12036.000000
5.706339,12042.000000
5.868886,12048.000000
5.967131,12054.000000
6.000000,12060.000000
5.967131,12066.000000
5.868886,12072.000000
5.706339,12078.000000
5.481273,12084.000000
5.196152,12090.000000
4.854102,12096.000000
4.458869,12102.000000
4.014784,12108.000000
3.526712,12114.000000
3.000000,12120.000000
2.440420,12126.000000
1.854102,12132.000000
1.247470,12138.000000
0.627171,12144.000000
0.000000,12150.000000
-0.627171,12156.000000
-1.247470,12162.000000
-1.854102,12168.000000
-2.440420,12174.000000
-3.000000,12180.000000
-3.526712,12186.000000
-4.014784,12192.000000
-4.458869,12198.000000
-4.854102,12204.000000
-5.196152,12210.000000
-5.481273,12216.000000
-5.706339,12222.000000
-5.868886,12228.000000
-5.967131,12234.000000
-6.000000,12240.000000
-5.967131,12246.000000
-5.868886,12252.000000
-5.706339,12258.000000
-5.481273,12264.000000
-5.196152,12270.000000
-4.854102,12276.000000
-4.458869,12282.000000
-4.014784,12288.000000
-3.526712,12294.000000
-3.000000,12300.000000
-2.440420,12306.000000
-1.854102,12312.000000
-1.247470,12318.000000
-0.627171,12324.000000
-0.000000,12330.000000
0.627171,12336.000000
1.247470,12342.000000
1.854102,12348.000000
2.440420,12354.000000
3.000000,12360.000000
3.526712,12366.000000
4.014784,12372.000000
4.458869,12378.000000
4.854102,12384.000000
5.196152,12390.000000
5.481273,12396.000000
5.706339,12402.000000
5.868886,12408.000000
5.967131,12414.000000
6.000000,12420.000000
5.967131,12426.000000
5.868886,12432.000000
5.706339,12438.000000
5.481273,12444.000000
5.196152,12450.000000
4.854102,12456.000000
4.458869,12462.000000
4.014784,12468.000000
3.526712,12474.000000
3.000000,12480.000000
2.440420,12486.000000
1.854102,12492.000000
1.247470,12498.000000
0.627171,12504.000000
-0.000000,12510.000000
-0.627171,12516.000000
-1.247470,12522.000000
-1.854102,12528.000000
-2.440420,12534.000000
-3.000000,12540.000000
-3.526712,12546.000000
-4.014784,12552.000000
-4.458869,12558.000000
-4.854102,12564.000000
-5.196152,12570.000000
-5.481273,12576.000000
-5.706339,12582.000000
-5.868886,12588.000000
-5.967131,12594.000000
-6.000000,12600.000000
-5.967131,12606.000000
-5.868886,12612.000000
-5.706339,12618.000000
-5.481273,12624.000000
-5.196152,12630.000000
-4.854102,12636.000000
-4.458869,12642.000000
-4.014784,12648.000000
-3.526712,12654.000000
-3.000000,12660.000000
-2.440420,12666.000000
-1.854102,12672.000000
-1.247470,12678.000000
-0.627171,12684.000000
0.000000,12690.000000
0.627171,12696.000000
1.247470,12702.000000
1.854102,12708.000000
2.440420,12714.000000
3.000000,12720.000000
3.526712,12726.000000
4.014784,12732.000000
4.458869,12738.000000
4.854102,12744.000000
5.196152,12750.000000
5.481273,12756.000000
5.706339,12762.000000
5.868886,12768.000000
5.967131,12774.000000
6.000000,12780.000000
5.967131,12786.000000
5.868886,12792.000000
5.706339,12798.000000
5.481273,12804.000000
5.196152,12810.000000
4.854102,12816.000000
4.458869,12822.000000
4.014784,12828.000000
3.526712,12834.000000
3.000000,12840.000000
2.440420,12846.000000
1.854102,12852.000000
1.247470,12858.000000
0.627171,12864.000000
0.000000,12870.000000
-0.627171,12876.000000
-1.247470,12882.000000
-1.854102,12888.000000
-2.440420,12894.000000
-3.000000,12900.000000
-3.526712,12906.000000
-4.014784,12912.000000
-4.458869,12918.000000
-4.854102,12924.000000
-5.196152,12930.000000
-5.481273,12936.000000
-5.706339,12942.000000
-5.868886,12948.000000
-5.967131,12954.000000
-6.000000,12960.000000
-5.967131,12966.000000
-5.868886,12972.000000
-5.706339,12978.000000
-5.481273,12984.000000
-5.196152,12990.000000
-4.854102,12996.000000
-4.458869,13002.000000
-4.014784,13008.000000
-3.526712,13014.000000
-3.000000,13020.000000
-2.440420,13026.000000
-1.854102,13032.000000
-1.247470,13038.000000
-0.627171,13044.000000
-0.000000,13050.000000
0.627171,13056.000000
1.247470,13062.000000
1.854102,13068.000000
2.440420,13074.000000
3.000000,13080.000000
3.526712,13086.000000
4.014784,13092.000000
4.458869,13098.000000
4.854102,13104.000000
5.196152,13110.000000
5.481273,13116.000000
5.706339,13122.000000
5.868886,13128.000000
5.967131,13134.000000
6.000000,13140.000000
5.967131,13146.000000
5.868886,13152.000000
5.706339,13158.000000
5.481273,13164.000000
5.196152,13170.000000
4.854102,13176.000000
4.458869,13182.000000
4.014784,13188.000000
3.526712,13194.000000
3.000000,13200.000000
2.440420,13206.000000
1.854102,13212.000000
1.247470,13218.000000
0.627171,13224.000000
-0.000000,13230.000000
-0.627171,13236.000000
-1.247470,13242.000000
-1.854102,13248.000000
-2.440420,13254.000000
-3.000000,13260.000000
-3.526712,13266.000000
-4.014784,13272.000000
-4.458869,13278.000000
-4.854102,13284.000000
-5.196152,13290.000000
-5.481273,13296.000000
-5.706339,13302.000000
-5.868886,13308.000000
-5.967131,13314.000000
-6.000000,13320.000000
-5.967131,13326.000000
-5.868886,13332.000000
-5.706339,13338.000000
-5.481273,13344.000000
-5.196152,13350.000000
-4.854102,13356.000000
-4.458869,13362.000000
-4.014784,13368.000000
-3.526712,13374.000000
-3.000000,13380.000000
-2.440420,13386.000000
-1.854102,13392.000000
-1.247470,13398.000000
-0.627171,13404.000000
-0.000000,13410.000000
0.627171,13416.000000
1.247470,13422.000000
1.854102,13428.000000
2.440420,13434.000000
3.000000,13440.000000
3.526712,13446.000000
4.014784,13452.000000
4.458869,13458.000000
4.854102,13464.000000
5.196152,13470.000000
5.481273,13476.000000
5.706339,13482.000000
5.868886,13488.000000
5.967131,13494.000000
6.000000,13500.000000
5.967131,13506.000000
5.868886,13512.000000
5.706339,13518.000000
5.481273,13524.000000
5.196152,13530.000000
4.854102,13536.000000
4.458869,13542.000000
4.014784,13548.000000
3.526712,13554.000000
3.000000,13560.000000
2.440420,13566.000000
1.854102,13572.000000
1.247470,13578.000000
0.627171,13584.000000
0.000000,13590.000000
-0.627171,13596.000000
-1.247470,13602.000000
-1.854102,13608.000000
-2.440420,13614.000000
-3.000000,13620.000000
-3.526712,13626.000000
-4.014784,13632.000000
-4.458869,13638.000000
-4.854102,13644.000000
-5.196152,13650.000000
-5.481273,13656.000000
-5.706339,13662.000000
-5.868886,13668.000000
-5.967131,13674.000000
-6.000000,13680.000000
-5.967131,13686.000000
-5.868886,13692.000000
-5.706339,13698.000000
-5.481273,13704.000000
-5.196152,13710.000000
-4.854102,13716.000000
-4.458869,13722.000000
-4.014784,13728.000000
-3.526712,13734.000000
-3.000000,13740.000000
-2.440420,13746.000000
-1.854102,13752.000000
-1.247470,13758.000000
-0.627171,13764.000000
-0.000000,13770.000000
0.627171,13776.000000
1.247470,13782.000000
1.854102,13788.000000
2.440420,13794.000000
3.000000,13800.000000
3.526712,13806.000000
4.014784,13812.000000
4.458869,13818.000000
4.854102,13824.000000
5.196152,13830.000000
5.481273,13836.000000
5.706339,13842.000000
5.868886,13848.000000
5.967131,13854.000000
6.000000,13860.000000
5.967131,13866.000000
5.868886,13872.000000
5.706339,13878.000000
5.481273,13884.000000
5.196152,13890.000000
4.854102,13896.000000
4.458869,13902.000000
4.014784,13908.000000
3.526712,13914.000000
3.000000,13920.000000
2.440420,13926.000000
1.854102,13932.000000
1.247470,13938.000000
0.627171,13944.000000
0.000000,13950.000000
-0.627171,13956.000000
-1.247470,13962.000000
-1.854102,13968.000000
-2.440420,13974.000000
-3.000000,13980.000000
-3.526712,13986.000000
-4.014784,13992.000000
-4.458869,13998.000000
-4.854102,14004.000000
-5.196152,14010.000000
-5.481273,14016.000000
-5.706339,14022.000000
-5.868886,14028.000000
-5.967131,14034.000000
-6.000000,14040.000000
-5.967131,14046.000000
-5.868886,14052.000000
-5.706339,14058.000000
-5.481273,14064.000000
-5.196152,14070.000000
-4.854102,14076.000000
-4.458869,14082.000000
-4.014784,14088.000000
-3.526712,14094.000000
-3.000000,14100.000000
-2.440420,14106.000000
-1.854102,14112.000000
-1.247470,14118.000000
-0.627171,14124.000000
-0.000000,14130.000000
0.627171,14136.000000
1.247470,14142.000000
1.854102,14148.000000
2.440420,14154.000000
3.000000,14160.000000
3.526712,14166.000000
4.014784,14172.000000
4.458869,14178.000000
4.854102,14184.000000
5.196152,14190.000000
5.481273,14196.000000
5.706339,14202.000000
5.868886,14208.000000
5.967131,14214.000000
6.000000,14220.000000
5.967131,14226.000000
5.868886,14232.000000
5.706339,14238.000000
5.481273,14244.000000
5.196152,14250.000000
4.854102,14256.000000
4.458869,14262.000000
4.014784,14268.000000
3.526712,14274.000000
3.000000,14280.000000
2.440420,14286.000000
1.854102,14292.000000
1.247470,14298.000000
0.627171,14304.000000
0.000000,14310.000000
-0.627171,14316.000000
-1.247470,14322.000000
-1.854102,14328.000000
-2.440420,14334.000000
-3.000000,14340.000000
-3.526712,14346.000000
-4.014784,14352.000000
-4.458869,14358.000000
-4.854102,14364.000000
-5.196152,14370.000000
-5.481273,14376.000000
-5.706339,14382.000000
-5.868886,14388.000000
-5.967131,14394.000000
-6.000000,14400.000000
-5.967131,14406.000000
-5.868886,14412.000000
-5.706339,14418.000000
-5.481273,14424.000000
-5.196152,14430.000000
-4.854102,14436.000000
-4.458869,14442.000000
-4.014784,14448.000000
-3.526712,14454.000000
-3.000000,14460.000000
-2.440420,14466.000000
-1.854102,14472.000000
-1.247470,14478.000000
-0.627171,14484.000000
0.000000,14490.000000
0.627171,14496.000000
1.247470,14502.000000
1.854102,14508.000000
2.440420,14514.000000
3.000000,14520.000000
3.526712,14526.000000
4.014784,14532.000000
4.458869,14538.000000
4.854102,14544.000000
5.196152,14550.000000
5.481273,14556.000000
5.706339,14562.000000
5.868886,14568.000000
5.967131,14574.000000
6.000000,14580.000000
5.967131,14586.000000
5.868886,14592.000000
5.706339,14598.000000
5.481273,14604.000000
5.196152,14610.000000
4.854102,14616.000000
4.458869,14622.000000
4.014784,14628.000000
3.526712,14634.000000
3.000000,14640.000000
2.440420,14646.000000
1.854102,14652.000000
1.247470,14658.000000
0.627171,14664.000000
0.000000,14670.000000
-0.627171,14676.000000
-1.247470,14682.000000
-1.854102,14688.000000
-2.440420,14694.000000
-3.000000,14700.000000
-3.526712,14706.000000
-4.014784,14712.000000
-4.458869,14718.000000
-4.854102,14724.000000
-5.196152,14730.000000
-5.481273,14736.000000
-5.706339,14742.000000
-5.868886,14748.000000
-5.967131,14754.000000
-6.000000,14760.000000
-5.967131,14766.000000
-5.868886,14772.000000
-5.706339,14778.000000
-5.481273,14784.000000
-5.196152,14790.000000
-4.854102,14796.000000
-4.458869,14802.000000
-4.014784,14808.000000
-3.526712,14814.000000
-3.000000,14820.000000
-2.440420,14826.000000
-1.854102,14832.000000
-1.247470,14838.000000
-0.627171,14844.000000
0.000000,14850.000000
0.627171,14856.000000
1.247470,14862.000000
1.854102,14868.000000
2.440420,14874.000000
3.000000,14880.000000
3.526712,14886.000000
4.014784,14892.000000
4.458869,14898.000000
4.854102,14904.000000
5.196152,14910.000000
5.481273,14916.000000
5.706339,14922.000000
5.868886,14928.000000
5.967131,14934.000000
6.000000,14940.000000
5.967131,14946.000000
5.868886,14952.000000
5.706339,14958.000000
5.481273,14964.000000
5.196152,14970.000000
4.854102,14976.000000
4.458869,14982.000000
4.014784,14988.000000
3.526712,14994.000000
3.000000,15000.000000
2.440420,15006.000000
1.854102,15012.000000
1.247470,15018.000000
0.627171,15024.000000
-0.000000,15030.000000
-0.627171,15036.000000
-1.247470,15042.000000
-1.854102,15048.000000
-2.440420,15054.000000
-3.000000,15060.000000
-3.526712,15066.000000
-4.014784,15072.000000
-4.458869,15078.000000
-4.854102,15084.000000
-5.196152,15090.000000
-5.481273,15096.000000
-5.706339,15102.000000
-5.868886,15108.000000
-5.967131,15114.000000
-6.000000,15120.000000
-5.967131,15126.000000
-5.868886,15132.000000
-5.706339,15138.000000
-5.481273,15144.000000
-5.196152,15150.000000
-4.854102,15156.000000
-4.458869,15162.000000
-4.014784,15168.000000
-3.526712,15174.000000
-3.000000,15180.000000
-2.440420,15186.000000
-1.854102,15192.000000
-1.247470,15198.000000
-0.627171,15204.000000
-0.000000,15210.000000
0.627171,15216.000000
1.247470,15222.000000
1.854102,15228.000000
2.440420,15234.000000
3.000000,15240.000000
3.526712,15246.000000
4.014784,15252.000000
4.458869,15258.000000
4.854102,15264.000000
5.196152,15270.000000
5.481273,15276.000000
5.706339,15282.000000
5.868886,15288.000000
5.967131,15294.000000
6.000000,15300.000000
5.967131,15306.000000
5.868886,15312.000000
5.706339,15318.000000
5.481273,15324.000000
5.196152,15330.000000
4.854102,15336.000000
4.458869,15342.000000
4.014784,15348.000000
3.526712,15354.000000
3.000000,15360.000000
2.440420,15366.000000
1.854102,15372.000000
1.247470,15378.000000
0.627171,15384.000000
0.000000,15390.000000
-0.627171,15396.000000
-1.247470,15402.000000
-1.854102,15408.000000
-2.440420,15414.000000
-3.000000,15420.000000
-3.526712,15426.000000
-4.014784,15432.000000
-4.458869,15438.000000
-4.854102,15444.000000
-5.196152,15450.000000
-5.481273,15456.000000
-5.706339,15462.000000
-5.868886,15468.000000
-5.967131,15474.000000
-6.000000,15480.000000
-5.967131,15486.000000
-5.868886,15492.000000
-5.706339,15498.000000
-5.481273,15504.000000
-5.196152,15510.000000
-4.854102,15516.000000
-4.458869,15522.000000
-4.014784,15528.000000
-3.526712,15534.000000
-3.000000,15540.000000
-2.440420,15546.000000
-1.854102,15552.000000
-1.247470,15558.000000
-0.627171,15564.000000
-0.000000,15570.000000
0.627171,15576.000000
1.247470,15582.000000
1.854102,15588.000000
2.440420,15594.000000
3.000000,15600.000000
3.526712,15606.000000
4.014784,15612.000000
4.458869,15618.000000
4.854102,15624.000000
5.196152,15630.000000
5.481273,15636.000000
5.706339,15642.000000
5.868886,15648.000000
5.967131,15654.000000
6.000000,15660.000000
5.967131,15666.000000
5.868886,15672.000000
5.706339,15678.000000
5.481273,15684.000000
5.196152,15690.000000
4.854102,15696.000000
4.458869,15702.000000
4.014784,15708.000000
3.526712,15714.000000
3.000000,15720.000000
2.440420,15726.000000
1.854102,15732.000000
1.247470,15738.000000
0.627171,15744.000000
0.000000,15750.000000
-0.627171,15756.000000
-1.247470,15762.000000
-1.854102,15768.000000
-2.440420,15774.000000
-3.000000,15780.000000
-3.526712,15786.000000
-4.014784,15792.000000
-4.458869,15798.000000
-4.854102,15804.000000
-5.196152,15810.000000
-5.481273,15816.000000
-5.706339,15822.000000
-5.868886,15828.000000
-5.967131,15834.000000
-6.000000,15840.000000
-5.967131,15846.000000
-5.868886,15852.000000
-5.706339,15858.000000
-5.481273,15864.000000
-5.196152,15870.000000
-4.854102,15876.000000
-4.458869,15882.000000
-4.014784,15888.000000
-3.526712,15894.000000
-3.000000,15900.000000
-2.440420,15906.000000
-1.854102,15912.000000
-1.247470,15918.000000
-0.627171,15924.000000
0.000000,15930.000000
0.627171,15936.000000
1.247470,15942.000000
1.854102,15948.000000
2.440420,15954.000000
3.000000,15960.000000
3.526712,15966.000000
4.014784,15972.000000
4.458869,15978.000000
4.854102,15984.000000
5.196152,15990.000000
5.481273,15996.000000
5.706339,16002.000000
5.868886,16008.000000
5.967131,16014.000000
6.000000,16020.000000
5.967131,16026.000000
5.868886,16032.000000
5.706339,16038.000000
5.481273,16044.000000
5.196152,16050.000000
4.854102,16056.000000
4.458869,16062.000000
4.014784,16068.000000
3.526712,16074.000000
3.000000,16080.000000
2.440420,16086.000000
1.854102,16092.000000
1.247470,16098.000000
0.627171,16104.000000
0.000000,16110.000000
-0.627171,16116.000000
-1.247470,16122.000000
-1.854102,16128.000000
-2.440420,16134.000000
-3.000000,16140.000000
-3.526712,16146.000000
-4.014784,16152.000000
-4.458869,16158.000000
-4.854102,16164.000000
-5.196152,16170.000000
-5.481273,16176.000000
-5.706339,16182.000000
-5.868886,16188.000000
-5.967131,16194.000000
-6.000000,16200.000000
-5.967131,16206.000000
-5.868886,16212.000000
-5.706339,16218.000000
-5.481273,16224.000000
-5.196152,16230.000000
-4.854102,16236.000000
-4.458869,16242.000000
-4.014784,16248.000000
-3.526712,16254.000000
-3.000000,16260.000000
-2.440420,16266.000000
-1.854102,16272.000000
-1.247470,16278.000000
-0.627171,16284.000000
-0.000000,16290.000000
0.627171,16296.000000
1.247470,16302.000000
1.854102,16308.000000
2.440420,16314.000000
3.000000,16320.000000
3.526712,16326.000000
4.014784,16332.000000
4.458869,16338.000000
4.854102,16344.000000
5.196152,16350.000000
5.481273,16356.000000
5.706339,16362.000000
5.868886,16368.000000
5.967131,16374.000000
6.000000,16380.000000
5.967131,16386.000000
5.868886,16392.000000
5.706339,16398.000000
5.481273,16404.000000
5.196152,16410.000000
4.854102,16416.000000
4.458869,16422.000000
4.014784,16428.000000
3.526712,16434.000000
3.000000,16440.000000
2.440420,16446.000000
1.854102,16452.000000
1.247470,16458.000000
0.627171,16464.000000
0.000000,16470.000000
-0.627171,16476.000000
-1.247470,16482.000000
-1.854102,16488.000000
-2.440420,16494.000000
-3.000000,16500.000000
-3.526712,16506.000000
-4.014784,16512.000000
-4.458869,16518.000000
-4.854102,16524.000000
-5.196152,16530.000000
-5.481273,16536.000000
-5.706339,16542.000000
-5.868886,16548.000000
-5.967131,16554.000000
-6.000000,16560.000000
-5.967131,16566.000000
-5.868886,16572.000000
-5.706339,16578.000000
-5.481273,16584.000000
-5.196152,16590.000000
-4.854102,16596.000000
-4.458869,16602.000000
-4.014784,16608.000000
-3.526712,16614.000000
-3.000000,16620.000000
-2.440420,16626.000000
-1.854102,16632.000000
-1.247470,16638.000000
-0.627171,16644.000000
-0.000000,16650.000000
0.627171,16656.000000
1.247470,16662.000000
1.854102,16668.000000
2.440420,16674.000000
3.000000,16680.000000
3.526712,16686.000000
4.014784,16692.000000
4.458869,16698.000000
4.854102,16704.000000
5.196152,16710.000000
5.481273,16716.000000
5.706339,16722.000000
5.868886,16728.000000
5.967131,16734.000000
6.000000,16740.000000
5.967131,16746.000000
5.868886,16752.000000
5.706339,16758.000000
5.481273,16764.000000
5.196152,16770.000000
4.854102,16776.000000
4.458869,16782.000000
4.014784,16788.000000
3.526712,16794.000000
3.000000,16800.000000
2.440420,16806.000000
1.854102,16812.000000
1.247470,16818.000000
0.627171,16824.000000
0.000000,16830.000000
-0.627171,16836.000000
-1.247470,16842.000000
-1.854102,16848.000000
-2.440420,16854.000000
-3.000000,16860.000000
-3.526712,16866.000000
-4.014784,16872.000000
-4.458869,16878.000000
-4.854102,16884.000000
-5.196152,16890.000000
-5.481273,16896.000000
-5.706339,16902.000000
-5.868886,16908.000000
-5.967131,16914.000000
-6.000000,16920.000000
-5.967131,16926.000000
-5.868886,16932.000000
-5.706339,16938.000000
-5.481273,16944.000000
-5.196152,16950.000000
-4.854102,16956.000000
-4.458869,16962.000000
-4.014784,16968.000000
-3.526712,16974.000000
-3.000000,16980.000000
-2.440420,16986.000000
-1.854102,16992.000000
-1.247470,16998.000000
-0.627171,17004.000000
0.000000,17010.000000
0.627171,17016.000000
1.247470,17022.000000
1.854102,17028.000000
2.440420,17034.000000
3.000000,17040.000000
3.526712,17046.000000
4.014784,17052.000000
4.458869,17058.000000
4.854102,17064.000000
5.196152,17070.000000
5.481273,17076.000000
5.706339,17082.000000
5.868886,17088.000000
5.967131,17094.000000
6.000000,17100.000000
5.967131,17106.000000
5.868886,17112.000000
5.706339,17118.000000
5.481273,17124.000000
5.196152,17130.000000
4.854102,17136.000000
4.458869,17142.000000
4.014784,17148.000000
3.526712,17154.000000
3.000000,17160.000000
2.440420,17166.000000
1.854102,17172.000000
1.247470,17178.000000
0.627171,17184.000000
0.000000,17190.000000
-0.627171,17196.000000
-1.247470,17202.000000
-1.854102,17208.000000
-2.440420,17214.000000
-3.000000,17220.000000
-3.526712,17226.000000
-4.014784,17232.000000
-4.458869,17238.000000
-4.854102,17244.000000
-5.196152,17250.000000
-5.481273,17256.000000
-5.706339,17262.000000
-5.868886,17268.000000
-5.967131,17274.000000
-6.000000,17280.000000
-5.967131,17286.000000
-5.868886,17292.000000
-5.706339,17298.000000
-5.481273,17304.000000
-5.196152,17310.000000
-4.854102,17316.000000
-4.458869,17322.000000
-4.014784,17328.000000
-3.526712,17334.000000
-3.000000,17340.000000
-2.440420,17346.000000
-1.854102,17352.000000
-1.247470,17358.000000
-0.627171,17364.000000
-0.000000,17370.000000
0.627171,17376.000000
1.247470,17382.000000
1.854102,17388.000000
2.440420,17394.000000
3.000000,17400.000000
3.526712,17406.000000
4.014784,17412.000000
4.458869,17418.000000
4.854102,17424.000000
5.196152,17430.000000
5.481273,17436.000000
5.706339,17442.000000
5.868886,17448.000000
5.967131,17454.000000
6.000000,17460.000000
5.967131,17466.000000
5.868886,17472.000000
5.706339,17478.000000
5.481273,17484.000000
5.196152,17490.000000
4.854102,17496.000000
4.458869,17502.000000
4.014784,17508.000000
3.526712,17514.000000
3.000000,17520.000000
2.440420,17526.000000
1.854102,17532.000000
1.247470,17538.000000
0.627171,17544.000000
-0.000000,17550.000000
-0.627171,17556.000000
-1.247470,17562.000000
-1.854102,17568.000000
-2.440420,17574.000000
-3.000000,17580.000000
-3.526712,17586.000000
-4.014784,17592.000000
-4.458869,17598.000000
-4.854102,17604.000000
-5.196152,17610.000000
-5.481273,17616.000000
-5.706339,17622.000000
-5.868886,17628.000000
-5.967131,17634.000000
-6.000000,17640.000000
-5.967131,17646.000000
-5.868886,17652.000000
-5.706339,17658.000000
-5.481273,17664.000000
-5.196152,17670.000000
-4.854102,17676.000000
-4.458869,17682.000000
-4.014784,17688.000000
-3.526712,17694.000000
-3.000000,17700.000000
-2.440420,17706.000000
-1.854102,17712.000000
-1.247470,17718.000000
-0.627171,17724.000000
-0.000000,17730.000000
0.627171,17736.000000
1.247470,17742.000000
1.854102,17748.000000
2.440420,17754.000000
3.000000,17760.000000
3.526712,17766.000000
4.014784,17772.000000
4.458869,17778.000000
4.854102,17784.000000
5.196152,17790.000000
5.481273,17796.000000
5.706339,17802.000000
5.868886,17808.000000
5.967131,17814.000000
6.000000,17820.000000
5.967131,17826.000000
5.868886,17832.000000
5.706339,17838.000000
5.481273,17844.000000
5.196152,17850.000000
4.854102,17856.000000
4.458869,17862.000000
4.014784,17868.000000
3.526712,17874.000000
3.000000,17880.000000
2.440420,17886.000000
1.854102,17892.000000
1.247470,17898.000000
0.627171,17904.000000
-0.000000,17910.000000
-0.627171,17916.000000
-1.247470,17922.000000
-1.854102,17928.000000
-2.440420,17934.000000
-3.000000,17940.000000
-3.526712,17946.000000
-4.014784,17952.000000
-4.458869,17958.000000
-4.854102,17964.000000
-5.196152,17970.000000
-5.481273,17976.000000
-5.706339,17982.000000
-5.868886,17988.000000
-5.967131,17994.000000
-6.000000,18000.000000
-5.967131,18006.000000
-5.868886,18012.000000
-5.706339,18018.000000
-5.481273,18024.000000
-5.196152,18030.000000
-4.854102,18036.000000
-4.458869,18042.000000
-4.014784,18048.000000
-3.526712,18054.000000
-3.000000,18060.000000
-2.440420,18066.000000
-1.854102,18072.000000
-1.247470,18078.000000
-0.627171,18084.000000
-0.000000,18090.000000
0.627171,18096.000000
1.247470,18102.000000
1.854102,18108.000000
2.440420,18114.000000
3.000000,18120.000000
3.526712,18126.000000
4.014784,18132.000000
4.458869,18138.000000
4.854102,18144.000000
5.196152,18150.000000
5.481273,18156.000000
5.706339,18162.000000
5.868886,18168.000000
5.967131,18174.000000
6.000000,18180.000000
5.967131,18186.000000
5.868886,18192.000000
5.706339,18198.000000
5.481273,18204.000000
5.196152,18210.000000
4.854102,18216.000000
4.458869,18222.000000
4.014784,18228.000000
3.526712,18234.000000
3.000000,18240.000000
2.440420,18246.000000
1.854102,18252.000000
1.247470,18258.000000
0.627171,18264.000000
0.000000,18270.000000
-0.627171,18276.000000
-1.247470,18282.000000
-1.854102,18288.000000
-2.440420,18294.000000
-3.000000,18300.000000
-3.526712,18306.000000
-4.014784,18312.000000
-4.458869,18318.000000
-4.854102,18324.000000
-5.196152,18330.000000
-5.481273,18336.000000
-5.706339,18342.000000
-5.868886,18348.000000
-5.967131,18354.000000
-6.000000,18360.000000
-5.967131,18366.000000
-5.868886,18372.000000
-5.706339,18378.000000
-5.481273,18384.000000
-5.196152,18390.000000
-4.854102,18396.000000
-4.458869,18402.000000
-4.014784,18408.000000
-3.526712,18414.000000
-3.000000,18420.000000
-2.440420,18426.000000
-1.854102,18432.000000
-1.247470,18438.000000
-0.627171,18444.000000
-0.000000,18450.000000
0.627171,18456.000000
1.247470,18462.000000
1.854102,18468.000000
2.440420,18474.000000
3.000000,18480.000000
3.526712,18486.000000
4.014784,18492.000000
4.458869,18498.000000
4.854102,18504.000000
5.196152,18510.000000
5.481273,18516.000000
5.706339,18522.000000
5.868886,18528.000000
5.967131,18534.000000
6.000000,18540.000000
5.967131,18546.000000
5.868886,18552.000000
5.706339,18558.000000
5.481273,18564.000000
5.196152,18570.000000
4.854102,18576.000000
4.458869,18582.000000
4.014784,18588.000000
3.526712,18594.000000
3.000000,18600.000000
2.440420,18606.000000
1.854102,18612.000000
1.247470,18618.000000
0.627171,18624.000000
0.000000,18630.000000
-0.627171,18636.000000
-1.247470,18642.000000
-1.854102,18648.000000
-2.440420,18654.000000
-3.000000,18660.000000
-3.526712,18666.000000
-4.014784,18672.000000
-4.458869,18678.000000
-4.854102,18684.000000
-5.196152,18690.000000
-5.481273,18696.000000
-5.706339,18702.000000
-5.868886,18708.000000
-5.967131,18714.000000
-6.000000,18720.000000
-5.967131,18726.000000
-5.868886,18732.000000
-5.706339,18738.000000
-5.481273,18744.000000
-5.196152,18750.000000
-4.854102,18756.000000
-4.458869,18762.000000
-4.014784,18768.000000
-3.526712,18774.000000
-3.000000,18780.000000
-2.440420,18786.000000
-1.854102,18792.000000
-1.247470,18798.000000
-0.627171,18804.000000
0.000000,18810.000000
0.627171,18816.000000
1.247470,18822.000000
1.854102,18828.000000
2.440420,18834.000000
3.000000,18840.000000
3.526712,18846.000000
4.014784,18852.000000
4.458869,18858.000000
4.854102,18864.000000
5.196152,18870.000000
5.481273,18876.000000
5.706339,18882.000000
5.868886,18888.000000
5.967131,18894.000000
6.000000,18900.000000
5.967131,18906.000000
5.868886,18912.000000
5.706339,18918.000000
5.481273,18924.000000
5.196152,18930.000000
4.854102,18936.000000
4.458869,18942.000000
4.014784,18948.000000
3.526712,18954.000000
3.000000,18960.000000
2.440420,18966.000000
1.854102,18972.000000
1.247470,18978.000000
0.627171,18984.000000
0.000000,18990.000000
-0.627171,18996.000000
-1.247470,19002.000000
-1.854102,19008.000000
-2.440420,19014.000000
-3.000000,19020.000000
-3.526712,19026.000000
-4.014784,19032.000000
-4.458869,19038.000000
-4.854102,19044.000000
-5.196152,19050.000000
-5.481273,19056.000000
-5.706339,19062.000000
-5.868886,19068.000000
-5.967131,19074.000000
-6.000000,19080.000000
-5.967131,19086.000000
-5.868886,19092.000000
-5.706339,19098.000000
-5.481273,19104.000000
-5.196152,19110.000000
-4.854102,19116.000000
-4.458869,19122.000000
-4.014784,19128.000000
-3.526712,19134.000000
-3.000000,19140.000000
-2.440420,19146.000000
-1.854102,19152.000000
-1.247470,19158.000000
-0.627171,19164.000000
-0.000000,19170.000000
0.627171,19176.000000
1.247470,19182.000000
1.854102,19188.000000
2.440420,19194.000000
3.000000,19200.000000
3.526712,19206.000000
4.014784,19212.000000
4.458869,19218.000000
4.854102,19224.000000
5.196152,19230.000000
5.481273,19236.000000
5.706339,19242.000000
5.868886,19248.000000
5.967131,19254.000000
6.000000,19260.000000
5.967131,19266.000000
5.868886,19272.000000
5.706339,19278.000000
5.481273,19284.000000
5.196152,19290.000000
4.854102,19296.000000
4.458869,19302.000000
4.014784,19308.000000
3.526712,19314.000000
3.000000,19320.000000
2.440420,19326.000000
1.854102,19332.000000
1.247470,19338.000000
0.627171,19344.000000
0.000000,19350.000000
-0.627171,19356.000000
-1.247470,19362.000000
-1.854102,19368.000000
-2.440420,19374.000000
-3.000000,19380.000000
-3.526712,19386.000000
-4.014784,19392.000000
-4.458869,19398.000000
-4.854102,19404.000000
-5.196152,19410.000000
-5.481273,19416.000000
-5.706339,19422.000000
-5.868886,19428.000000
-5.967131,19434.000000
-6.000000,19440.000000
-5.967131,19446.000000
-5.868886,19452.000000
-5.706339,19458.000000
-5.481273,19464.000000
-5.196152,19470.000000
-4.854102,19476.000000
-4.458869,19482.000000
-4.014784,19488.000000
-3.526712,19494.000000
-3.000000,19500.000000
-2.440420,19506.000000
-1.854102,19512.000000
-1.247470,19518.000000
-0.627171,19524.000000
0.000000,19530.000000
0.627171,19536.000000
1.247470,19542.000000
1.854102,19548.000000
2.440420,19554.000000
3.000000,19560.000000
3.526712,19566.000000
4.014784,19572.000000
4.458869,19578.000000
4.854102,19584.000000
5.196152,19590.000000
5.481273,19596.000000
5.706339,19602.000000
5.868886,19608.000000
5.967131,19614.000000
6.000000,19620.000000
5.967131,19626.000000
5.868886,19632.000000
5.706339,19638.000000
5.481273,19644.000000
5.196152,19650.000000
4.854102,19656.000000
4.458869,19662.000000
4.014784,19668.000000
3.526712,19674.000000
3.000000,19680.000000
2.440420,19686.000000
1.854102,19692.000000
1.247470,19698.000000
0.627171,19704.000000
0.000000,19710.000000
-0.627171,19716.000000
-1.247470,19722.000000
-1.854102,19728.000000
-2.440420,19734.000000
-3.000000,19740.000000
-3.526712,19746.000000
-4.014784,19752.000000
-4.458869,19758.000000
-4.854102,19764.000000
-5.196152,19770.000000
-5.481273,19776.000000
-5.706339,19782.000000
-5.868886,19788.000000
-5.967131,19794.000000
-6.000000,19800.000000
-5.967131,19806.000000
-5.868886,19812.000000
-5.706339,19818.000000
-5.481273,19824.000000
-5.196152,19830.000000
-4.854102,19836.000000
-4.458869,19842.000000
-4.014784,19848.000000
-3.526712,19854.000000
-3.000000,19860.000000
-2.440420,19866.000000
-1.854102,19872.000000
-1.247470,19878.000000
-0.627171,19884.000000
0.000000,19890.000000
0.627171,19896.000000
1.247470,19902.000000
1.854102,19908.000000
2.440420,19914.000000
3.000000,19920.000000
3.526712,19926.000000
4.014784,19932.000000
4.458869,19938.000000
4.854102,19944.000000
5.196152,19950.000000
5.481273,19956.000000
5.706339,19962.000000
5.868886,19968.000000
5.967131,19974.000000
6.000000,19980.000000
5.967131,19986.000000
5.868886,19992.000000
5.706339,19998.000000
5.481273,20004.000000
5.196152,20010.000000
4.854102,20016.000000
4.458869,20022.000000
4.014784,20028.000000
3.526712,20034.000000
3.000000,20040.000000
2.440420,20046.000000
1.854102,20052.000000
1.247470,20058.000000
0.627171,20064.000000
0.000000,20070.000000
-0.627171,20076.000000
-1.247470,20082.000000
-1.854102,20088.000000
-2.440420,20094.000000
-3.000000,20100.000000
-3.526712,20106.000000
-4.014784,20112.000000
-4.458869,20118.000000
-4.854102,20124.000000
-5.196152,20130.000000
-5.481273,20136.000000
-5.706339,20142.000000
-5.868886,20148.000000
-5.967131,20154.000000
-6.000000,20160.000000
-5.967131,20166.000000
-5.868886,20172.000000
-5.706339,20178.000000
-5.481273,20184.000000
-5.196152,20190.000000
-4.854102,20196.000000
-4.458869,20202.000000
-4.014784,20208.000000
-3.526712,20214.000000
-3.000000,20220.000000
-2.440420,20226.000000
-1.854102,20232.000000
-1.247470,20238.000000
-0.627171,20244.000000
-0.000000,20250.000000
0.627171,20256.000000
1.247470,20262.000000
1.854102,20268.000000
2.440420,20274.000000
3.000000,20280.000000
3.526712,20286.000000
4.014784,20292.000000
4.458869,20298.000000
4.854102,20304.000000
5.196152,20310.000000
5.481273,20316.000000
5.706339,20322.000000
5.868886,20328.000000
5.967131,20334.000000
6.000000,20340.000000
5.967131,20346.000000
5.868886,20352.000000
5.706339,20358.000000
5.481273,20364.000000
5.196152,20370.000000
4.854102,20376.000000
4.458869,20382.000000
4.014784,20388.000000
3.526712,20394.000000
3.000000,20400.000000
2.440420,20406.000000
1.854102,20412.000000
1.247470,20418.000000
0.627171,20424.000000
-0.000000,20430.000000
-0.627171,20436.000000
-1.247470,20442.000000
-1.854102,20448.000000
-2.440420,20454.000000
-3.000000,20460.000000
-3.526712,20466.000000
-4.014784,20472.000000
-4.458869,20478.000000
-4.854102,20484.000000
-5.196152,20490.000000
-5.481273,20496.000000
-5.706339,20502.000000
-5.868886,20508.000000
-5.967131,20514.000000
-6.000000,20520.000000
-5.967131,20526.000000
-5.868886,20532.000000
-5.706339,20538.000000
-5.481273,20544.000000
-5.196152,20550.000000
-4.854102,20556.000000
-4.458869,20562.000000
-4.014784,20568.000000
-3.526712,20574.000000
-3.000000,20580.000000
-2.440420,20586.000000
-1.854102,20592.000000
-1.247470,20598.000000
-0.627171,20604.000000
-0.000000,20610.000000
0.627171,20616.000000
1.247470,20622.000000
1.854102,20628.000000
2.440420,20634.000000
3.000000,20640.000000
3.526712,20646.000000
4.014784,20652.000000
4.458869,20658.000000
4.854102,20664.000000
5.196152,20670.000000
5.481273,20676.000000
5.706339,20682.000000
5.868886,20688.000000
5.967131,20694.000000
6.000000,20700.000000
5.967131,20706.000000
5.868886,20712.000000
5.706339,20718.000000
5.481273,20724.000000
5.196152,20730.000000
4.854102,20736.000000
4.458869,20742.000000
4.014784,20748.000000
3.526712,20754.000000
3.000000,20760.000000
2.440420,20766.000000
1.854102,20772.000000
1.247470,20778.000000
0.627171,20784.000000
-0.000000,20790.000000
-0.627171,20796.000000
-1.247470,20802.000000
-1.854102,20808.000000
-2.440420,20814.000000
-3.000000,20820.000000
-3.526712,20826.000000
-4.014784,20832.000000
-4.458869,20838.000000
-4.854102,20844.000000
-5.196152,20850.000000
-5.481273,20856.000000
-5.706339,20862.000000
-5.868886,20868.000000
-5.967131,20874.000000
-6.000000,20880.000000
-5.967131,20886.000000
-5.868886,20892.000000
-5.706339,20898.000000
-5.481273,20904.000000
-5.196152,20910.000000
-4.854102,20916.000000
-4.458869,20922.000000
-4.014784,20928.000000
-3.526712,20934.000000
-3.000000,20940.000000
-2.440420,20946.000000
-1.854102,20952.000000
-1.247470,20958.000000
-0.627171,20964.000000
-0.000000,20970.000000
0.627171,20976.000000
1.247470,20982.000000
1.854102,20988.000000
2.440420,20994.000000
3.000000,21000.000000
3.526712,21006.000000
4.014784,21012.000000
4.458869,21018.000000
4.854102,21024.000000
5.196152,21030.000000
5.481273,21036.000000
5.706339,21042.000000
5.868886,21048.000000
5.967131,21054.000000
6.000000,21060.000000
5.967131,21066.000000
5.868886,21072.000000
5.706339,21078.000000
5.481273,21084.000000
5.196152,21090.000000
4.854102,21096.000000
4.458869,21102.000000
4.014784,21108.000000
3.526712,21114.000000
3.000000,21120.000000
2.440420,21126.000000
1.854102,21132.000000
1.247470,21138.000000
0.627171,21144.000000
0.000000,21150.000000
-0.627171,21156.000000
-1.247470,21162.000000
-1.854102,21168.000000
-2.440420,21174.000000
-3.000000,21180.000000
-3.526712,21186.000000
-4.014784,21192.000000
-4.458869,21198.000000
-4.854102,21204.000000
-5.196152,21210.000000
-5.481273,21216.000000
-5.706339,21222.000000
-5.868886,21228.000000
-5.967131,21234.000000
-6.000000,21240.000000
-5.967131,21246.000000
-5.868886,21252.000000
-5.706339,21258.000000
-5.481273,21264.000000
-5.196152,21270.000000
-4.854102,21276.000000
-4.458869,21282.000000
-4.014784,21288.000000
-3.526712,21294.000000
-3.000000,21300.000000
-2.440420,21306.000000
-1.854102,21312.000000
-1.247470,21318.000000
-0.627171,21324.000000
-0.000000,21330.000000
0.627171,21336.000000
1.247470,21342.000000
1.854102,21348.000000
2.440420,21354.000000
3.000000,21360.000000
3.526712,21366.000000
4.014784,21372.000000
4.458869,21378.000000
4.854102,21384.000000
5.196152,21390.000000
5.481273,21396.000000
5.706339,21402.000000
5.868886,21408.000000
5.967131,21414.000000
6.000000,21420.000000
5.967131,21426.000000
5.868886,21432.000000
5.706339,21438.000000
5.481273,21444.000000
5.196152,21450.000000
4.854102,21456.000000
4.458869,21462.000000
4.014784,21468.000000
3.526712,21474.000000
3.000000,21480.000000
2.440420,21486.000000
1.854102,21492.000000
1.247470,21498.000000
0.627171,21504.000000
-0.000000,21510.000000
-0.627171,21516.000000
-1.247470,21522.000000
-1.854102,21528.000000
-2.440420,21534.000000
-3.000000,21540.000000
-3.526712,21546.000000
-4.014784,21552.000000
-4.458869,21558.000000
-4.854102,21564.000000
-5.196152,21570.000000
-5.481273,21576.000000
-5.706339,21582.000000
-5.868886,21588.000000
-5.967131,21594.000000
